{
    "file_format_version" : "1.1.0",
    "layer" : {
        "name": "VK_LAYER_LUNARG_object_tracker",
        "type": "GLOBAL",
        "library_path": "../../../lib/libVkLayer_object_tracker.dylib",
        "api_version": "1.0.65",
        "implementation_version": "1",
        "description": "LunarG Validation Layer",
        "instance_extensions": [
             {
                 "name": "VK_EXT_debug_report",
                 "spec_version": "6"
             }
         ],
        "device_extensions": [
             {
                 "name": "VK_EXT_debug_marker",
                 "spec_version": "4",
                 "entrypoints": ["vkDebugMarkerSetObjectTagEXT",
                        "vkDebugMarkerSetObjectNameEXT",
                        "vkCmdDebugMarkerBeginEXT",
                        "vkCmdDebugMarkerEndEXT",
                        "vkCmdDebugMarkerInsertEXT"
                       ]
             }
         ]
    }
}
